PRAGMA foreign_keys=OFF;
BEGIN TRANSACTION;
CREATE TABLE Customers(
    customer_num INTEGER PRIMARY KEY AUTOINCREMENT,
    name VARCHAR(20) NOT NULL,
    residence_num VARCHAR(20) NOT NULL UNIQUE,
    address VARCHAR(200) NOT NULL,
    phone VARCHAR(20) NOT NULL
    );
INSERT INTO Customers VALUES(1,'정형돈','780207-1000000','부산','010-0000-0000');
INSERT INTO Customers VALUES(2,'유재석','720814-1000000','서울','010-1111-1111');
INSERT INTO Customers VALUES(3,'장도연','850310-2000000','전라남도','010-2222-2222');
INSERT INTO Customers VALUES(4,'김민경','810911-2000000','대구','010-3333-3333');
INSERT INTO Customers VALUES(5,'조나단','000201-7000000','용산','010-4444-4444');
CREATE TABLE Accounts(
account_num VARCHAR(20) PRIMARY KEY,
customer_num INTEGER NOT NULL,   
open_date DATE NOT NULL,
account_password VARCHAR(20) NOT NULL,
account_lock BOOLEAN NOT NULL DEFAULT 0, balance INT NOT NULL DEFAULT 0,
FOREIGN KEY (customer_num) REFERENCES Customers(customer_num)
);
INSERT INTO Accounts VALUES('1111-111',1,'2022-01-01','1111',0,204800);
INSERT INTO Accounts VALUES('2222-222',3,'2022-02-02','2222',0,279500);
INSERT INTO Accounts VALUES('3333-333',3,'2022-03-03','3333',0,250700);
INSERT INTO Accounts VALUES('4444-444',2,'2022-04-04','4444',0,573000);
INSERT INTO Accounts VALUES('5555-555',2,'2022-05-05','5555',0,685000);
INSERT INTO Accounts VALUES('6666-666',2,'2022-06-06','6666',0,730000);
INSERT INTO Accounts VALUES('7777-777',4,'2022-07-07','7777',0,300000);
INSERT INTO Accounts VALUES('8888-888',5,'2022-11-05','8888',0,277000);
CREATE TABLE Cards (
    card_num INTEGER PRIMARY KEY,
    account_num VARCHAR(20) NOT NULL,
    expire_date DATE NOT NULL,
    FOREIGN KEY (account_num) REFERENCES Accounts(account_num)
);
INSERT INTO Cards VALUES(123,'1111-111','2023-01-01');
INSERT INTO Cards VALUES(234,'2222-222','2023-02-02');
INSERT INTO Cards VALUES(345,'3333-333','2023-03-03');
INSERT INTO Cards VALUES(456,'4444-444','2023-04-04');
INSERT INTO Cards VALUES(567,'5555-555','2023-05-05');
INSERT INTO Cards VALUES(678,'6666-666','2023-06-06');
INSERT INTO Cards VALUES(789,'7777-777','2023-07-07');
INSERT INTO Cards VALUES(890,'8888-888','2023-11-05');
CREATE TABLE Transactions(
transaction_num INTEGER PRIMARY KEY AUTOINCREMENT,
transaction_time DATETIME NOT NULL,
out_account VARCHAR(20),
in_account VARCHAR(20), 
amount INTEGER NOT NULL,
memo VARCHAR(200),
FOREIGN KEY (out_account) REFERENCES Accounts(account_num), 
FOREIGN KEY (in_account) REFERENCES Accounts(account_num)
);
INSERT INTO Transactions VALUES(1,'2022-01-02 00:00:00',NULL,'1111-111',200000,'개설 첫 입금');
INSERT INTO Transactions VALUES(2,'2022-02-02 00:00:00',NULL,'2222-222',400000,'개설 첫 입금');
INSERT INTO Transactions VALUES(3,'2022-03-02 00:00:00',NULL,'3333-333',500000,'개설 첫 입금');
INSERT INTO Transactions VALUES(4,'2022-04-02 00:00:00',NULL,'4444-444',600000,'개설 첫 입금');
INSERT INTO Transactions VALUES(5,'2022-05-02 00:00:00',NULL,'5555-555',700000,'개설 첫 입금');
INSERT INTO Transactions VALUES(6,'2022-06-02 00:00:00',NULL,'6666-666',800000,'개설 첫 입금');
INSERT INTO Transactions VALUES(7,'2022-07-02 00:00:00',NULL,'7777-777',300000,'개설 첫 입금');
INSERT INTO Transactions VALUES(8,'2022-11-07 00:00:00',NULL,'8888-888',100000,'개설 첫 입금');
INSERT INTO Transactions VALUES(9,'2022-09-01 00:00:00','3333-333',NULL,50000,NULL);
INSERT INTO Transactions VALUES(10,'2022-09-02 00:00:00','4444-444',NULL,100000,NULL);
INSERT INTO Transactions VALUES(11,'2022-09-03 00:00:00','6666-666',NULL,150000,'축의금');
INSERT INTO Transactions VALUES(12,'2022-09-04 00:00:00','1111-111','2222-222',30000,'양념게장');
INSERT INTO Transactions VALUES(13,'2022-09-05 00:00:00','3333-333','8888-888',100000,NULL);
INSERT INTO Transactions VALUES(14,'2022-09-06 00:00:00','6666-666','7777-777',20000,'술값');
INSERT INTO Transactions VALUES(15,'2022-09-15 00:00:00','4444-444','8888-888',5000,NULL);
INSERT INTO Transactions VALUES(16,'2022-09-29 00:00:00','2222-222','1111-111',500,'확인용');
INSERT INTO Transactions VALUES(17,'2022-10-01 00:00:00','5555-555','7777-777',15000,NULL);
INSERT INTO Transactions VALUES(18,'2022-10-06 00:00:00','7777-777','1111-111',35000,'홈쇼핑');
INSERT INTO Transactions VALUES(19,'2022-10-10 00:00:00','2222-222','8888-888',150000,NULL);
INSERT INTO Transactions VALUES(20,'2022-10-13 00:00:00','3333-333','5555-555',100000,'마켓컬리');
INSERT INTO Transactions VALUES(21,'2022-10-20 00:00:00','5555-555','6666-666',100000,NULL);
INSERT INTO Transactions VALUES(22,'2022-10-23 00:00:00','8888-888','4444-444',78000,'주유소');
INSERT INTO Transactions VALUES(23,'2022-10-30 00:00:00','1111-111','3333-333',700,NULL);
DELETE FROM sqlite_sequence;
INSERT INTO sqlite_sequence VALUES('Customers',5);
INSERT INTO sqlite_sequence VALUES('Transactions',23);
COMMIT;
